0,1,2,3,4,5,6,7,8,9,10,11,12,13,14,15,16,17,18,19,20,21,22,23,24,25,26,27,28,29,30,31,32,33,34,35,36,37,38,39,40,41,42,43,44,45,46,47,48,49,50,51,52,53,54,55,56,57,58,59,60,61,62,63,64,65,66,67,68,69,70,71,72,73,74,75,76,77,78,79,80,81,82,83,84,85,86,87,88,89,90,91,92,93,94,95,96,97,98,99,100,101,102,103,104,105,106,107,108,109,110,111,112,113,114,115,116,117,118,119,120,121,122,123,124,125,126,127,128,129,130,131,132,133,134,135,136,137,138,139,140,141,142,143,144,145,146,147,148,149,150,151,152,153,154,155,156,157,158,159,160,161,162,163,164,165,166,167,168,169,170,171,172,173,174,175,176,177,178,179,180,181,182,183,184,185,186,187,188,189,190,191,192,193,194,195,196,197,198,199
0.08745868,1.0,0.065988414,0.09787247,0.04462601,0.022373797,0.027220182,0.0066245114,0.016164478,0.0022633367,0.010638288,0.00086336053,0.006704225,0.0003422086,0.00355604,0.0001555724,0.002089289,6.743059e-05,0.0011493525,2.9235605e-05,0.00056197564,1.5087753e-05,0.00029795477,7.6761135e-06,0.00017073483,4.2022803e-06,7.962782e-05,2.478428e-06,4.8319187e-05,1.4625055e-06,2.0632058e-05,8.765005e-07,1.3805514e-05,5.340959e-07,8.804517e-06,3.477773e-07,5.8276896e-06,2.045121e-07,3.1012435e-06,1.2607391e-07,1.7502975e-06,8.38752e-08,9.795243e-07,5.4807302e-08,7.5655913e-07,3.6167354e-08,6.007384e-07,2.5132223e-08,4.176385e-07,1.7604957e-08,2.7972555e-07,1.3770377e-08,1.8605917e-07,9.364056e-09,1.4758396e-07,7.0446857e-09,5.288328e-08,4.6997592e-09,4.5848275e-08,3.6817347e-09,2.0836737e-08,1.847363e-09,6.847559e-09,9.189172e-10,5.2883866e-09,5.2143256e-10,1.2048404e-09,1.4062704e-10,4.5956094e-10,7.1489044e-11,2.4659452e-10,4.8599406e-11,1.146806e-10,2.3443159e-11,3.524394e-11,1.1900373e-11,9.653055e-12,5.10868e-12,1.4192218e-12,2.9988763e-12,1.9746334e-13,2.1840583e-12,6.792349e-14,9.920624e-13,3.059479e-14,4.6548675e-13,2.6793373e-14,2.7564924e-13,5.7312494e-15,7.0932064e-14,4.1196006e-15,4.3261022e-14,2.2764474e-16,1.688561e-14,1.8603439e-16,1.1013358e-14,3.1768005999999997e-18,1.7256449e-15,1.580316e-18,1.930538e-15,1.6413827999999998e-18,2.4389399e-15,5.704061e-19,2.176831e-15,1.0649147999999999e-19,1.4787332e-15,8.2858165e-20,1.5435396e-15,2.9199469999999996e-19,1.9134476e-15,6.1921484e-19,1.7790108e-15,2.3767089999999997e-19,1.2387984e-15,4.4560747e-19,9.905274e-16,6.949461999999999e-21,2.0551167e-16,1.3718073e-20,2.1153038000000001e-16,4.44502e-20,1.3756723000000002e-16,8.052694999999999e-21,8.007621e-17,3.7526163e-21,6.026787e-17,1.0460428000000001e-21,5.707593e-17,1.9292879999999998e-21,4.4473e-17,7.086064600000001e-22,3.4147442e-17,1.1682723e-21,4.77031e-17,3.7425788e-22,3.5704943e-17,3.427865e-22,2.4904210000000002e-17,3.6881693e-22,1.6913756e-17,3.51568e-22,1.2441154e-17,1.1041076000000001e-22,4.368122e-18,2.2125796000000003e-22,3.891184e-18,3.8191740000000005e-23,1.6518538e-18,7.9941675e-23,1.2008018e-18,3.114231e-23,7.193464999999999e-19,5.3489004e-23,6.102128e-19,1.2643254e-23,5.7467153e-19,1.333546e-23,4.658947999999999e-19,3.088028e-23,3.0785424e-19,2.737501e-23,3.0111769999999997e-19,2.5882558e-24,2.1587743999999998e-19,6.262185e-24,2.0509235999999999e-19,1.01700366e-23,2.0455714e-19,3.3898278e-23,1.9741604e-19,2.9797817e-23,1.2535656999999998e-19,2.767457e-23,8.3510894e-20,1.977948e-23,6.711568999999999e-20,2.5116026e-23,6.106875e-20,4.8247768e-23,3.5270073e-20,3.6385588e-23,2.7065311e-20,9.181941e-24,6.6360815000000006e-21,1.2818766e-23,5.85123e-21,1.6065581e-23,5.758472e-21,5.430295e-23,4.978317e-21,1.2872815e-23,2.8183637e-21,3.138692e-23,2.4026685000000003e-21,8.3082446e-23,5.6235296e-22,4.509521e-23,4.8295307000000005e-22,1.5657545e-23,3.0844858e-22
0.073969044,1.0,0.06805757,0.46009058,0.06396231,0.23237656,0.05981337,0.12765794,0.056234956,0.07306605,0.052744888,0.04541802,0.048343584,0.028477037,0.043881465,0.01944483,0.039935194,0.01330614,0.036961764,0.009211511,0.03131589,0.006363836,0.027353613,0.004379762,0.023296438,0.0031353217,0.018825809,0.0022472355,0.01605089,0.0016246816,0.012210778,0.0011883706,0.010359916,0.0008590794,0.00805539,0.00062504073,0.0066811824,0.00044867687,0.004773985,0.000327284,0.0036682996,0.00024556607,0.0028276313,0.00018027621,0.0022745219,0.00013969801,0.0017904303,0.00010699116,0.0013642787,8.4695545e-05,0.001119237,6.7495756e-05,0.00084007444,5.4106247e-05,0.00071685755,4.39101e-05,0.0004917467,3.5630826e-05,0.0004263316,2.990709e-05,0.00033227372,2.4968731e-05,0.0002557003,2.073769e-05,0.0002209718,1.7446815e-05,0.00020137805,1.4908026e-05,0.00017291316,1.2648842e-05,0.00014285813,1.08106815e-05,0.00012979806,9.292894e-06,0.00010482148,8.084672e-06,9.854193e-05,6.8953073e-06,7.905756e-05,5.9860463e-06,7.471452e-05,4.9946984e-06,7.103376e-05,4.384097e-06,6.327969e-05,3.787607e-06,5.2376192e-05,3.295012e-06,5.0182043e-05,2.9153055e-06,4.2161326e-05,2.4860174e-06,3.8398317e-05,2.12984e-06,3.18434e-05,1.8290765e-06,3.0728646e-05,1.5936856e-06,2.6174339e-05,1.3428977e-06,2.2198012e-05,1.1774517e-06,1.6580716e-05,1.0408988e-06,1.4839542e-05,9.1588794e-07,1.4037902e-05,7.908501e-07,1.2611984e-05,6.958141e-07,1.0171461e-05,5.9784935e-07,8.333267e-06,5.289408e-07,7.940863e-06,4.5313266e-07,6.140262e-06,3.8891753e-07,5.5210685e-06,3.4400992e-07,5.033191e-06,2.948425e-07,3.7982056e-06,2.5407584e-07,3.831604e-06,2.2032977e-07,3.116411e-06,1.8512551e-07,3.227813e-06,1.6150909e-07,3.00551e-06,1.3869717e-07,2.0209336e-06,1.2562624e-07,2.2554946e-06,1.1011946e-07,2.0774075e-06,9.7094116e-08,1.4090865e-06,8.377447e-08,1.5106596e-06,7.714237e-08,1.5676408e-06,6.828285e-08,1.4594862e-06,5.9250425e-08,1.1377793e-06,5.2946675e-08,1.1588179e-06,4.642147e-08,8.768015e-07,3.87194e-08,7.3294393e-07,3.3847883e-08,6.877417e-07,3.129283e-08,5.137869e-07,2.5938563e-08,5.5547406e-07,2.418192e-08,4.5923593e-07,2.2677979e-08,4.205578e-07,1.9846786e-08,3.3935257e-07,1.7416054e-08,3.333791e-07,1.6299976e-08,2.944143e-07,1.4824944e-08,2.652215e-07,1.2912875e-08,2.2994703e-07,1.1843849e-08,2.0029731e-07,1.1198185e-08,1.75652e-07,1.0411768e-08,1.6656779e-07,9.470155e-09,1.4743878e-07,9.069257e-09,9.856972e-08,7.731041e-09,9.9642456e-08,7.580424e-09,9.7852656e-08,7.2367548e-09,8.830393e-08,6.8792128e-09,7.530422e-08,6.4893735e-09,9.012581e-08,6.5625128e-09,7.881345e-08,5.7531055e-09,8.5605706e-08,5.4796616e-09,9.169047e-08,5.2857345e-09
0.07907846,1.0,0.069511466,0.37717083,0.0612934,0.17140916,0.054203156,0.083701886,0.04869539,0.044581123,0.043082543,0.025665144,0.037335277,0.015100466,0.031362534,0.0097290035,0.027317092,0.006266644,0.02388843,0.0041425694,0.018867351,0.002768712,0.01565884,0.0018737154,0.012637902,0.0013279306,0.009516218,0.00094135816,0.0076359743,0.0006790898,0.0052913036,0.0005040185,0.0042574806,0.00037080827,0.0031594906,0.00027416882,0.002573508,0.00020580263,0.001713717,0.00015650483,0.001279118,0.00012291298,0.000965044,9.325498e-05,0.0007724131,7.513814e-05,0.0005869662,6.139873e-05,0.00044776915,5.1931955e-05,0.00035836862,4.4343273e-05,0.00027536313,3.7951268e-05,0.00022660954,3.3005548e-05,0.00016443238,2.8850294e-05,0.00014782508,2.6190766e-05,0.00012520314,2.3362116e-05,9.494133e-05,2.1119027e-05,9.0658774e-05,1.9081128e-05,9.223096e-05,1.7503777e-05,8.21863e-05,1.5972148e-05,7.3521194e-05,1.469466e-05,7.150017e-05,1.34629945e-05,5.9864513e-05,1.2482242e-05,5.8878315e-05,1.1426419e-05,5.291013e-05,1.0664221e-05,5.2433414e-05,9.573251e-06,5.467258e-05,8.941487e-06,5.6336747e-05,8.190579e-06,4.6342822e-05,7.5788384e-06,4.8168007e-05,7.2159355e-06,4.5019e-05,6.509995e-06,4.6315254e-05,6.119404e-06,3.7351547e-05,5.714564e-06,3.8507555e-05,5.351403e-06,3.5590718e-05,4.9017376e-06,3.5663936e-05,4.6177306e-06,2.3704402e-05,4.4174285e-06,2.3519377e-05,4.2348315e-06,2.6130294e-05,4.0206623e-06,2.488318e-05,3.830829e-06,2.2298625e-05,3.5939304e-06,2.0602998e-05,3.4669454e-06,2.1173617e-05,3.253011e-06,1.893916e-05,3.003685e-06,1.8244133e-05,2.888558e-06,1.8314367e-05,2.6800235e-06,1.52316015e-05,2.481739e-06,1.6912833e-05,2.3659095e-06,1.3532905e-05,2.1508374e-06,1.730715e-05,2.0146854e-06,1.5625446e-05,1.8841324e-06,1.4210296e-05,1.8027933e-06,1.6213955e-05,1.6727168e-06,1.5346408e-05,1.5869607e-06,1.0475297e-05,1.4620439e-06,1.2878305e-05,1.4095245e-06,1.273586e-05,1.3188317e-06,1.3907329e-05,1.2576834e-06,1.2460702e-05,1.177837e-06,1.3456987e-05,1.113634e-06,1.1906726e-05,1.0442814e-06,1.0363373e-05,9.611605e-07,1.0748056e-05,9.257603e-07,1.0165652e-05,8.7739124e-07,1.2141077e-05,8.325596e-07,1.0643983e-05,7.9503343e-07,9.71382e-06,7.397259e-07,8.08081e-06,7.0889797e-07,7.967975e-06,6.651134e-07,7.6136257e-06,6.2311796e-07,8.212777e-06,5.7731586e-07,6.758536e-06,5.516388e-07,6.332781e-06,5.3371605e-07,6.41021e-06,5.204956e-07,7.0138576e-06,4.9542143e-07,5.5300216e-06,4.8489204e-07,5.013769e-06,4.2917617e-07,4.9334963e-06,4.1544095e-07,4.869839e-06,4.0363807e-07,4.81287e-06,3.93059e-07,3.9669785e-06,3.536069e-07,3.995877e-06,3.4188957e-07,4.2841903e-06,3.0370845e-07,3.9120296e-06,2.9248665e-07,4.627169e-06,2.7459944e-07
0.08149911,1.0,0.0629807,0.13735929,0.045083933,0.038584482,0.030836938,0.014530545,0.021135982,0.0059081386,0.015091164,0.0026783363,0.010660172,0.0012775437,0.0067804973,0.0006675998,0.0046910285,0.00035342274,0.0028567528,0.00018985369,0.0017553077,0.00010904665,0.0010987844,6.061671e-05,0.0007576752,3.674984e-05,0.0004209994,2.2993765e-05,0.00028470083,1.4647748e-05,0.00014808396,9.664801e-06,0.00011044349,5.8309975e-06,7.945972e-05,3.7419277e-06,5.4757005e-05,2.2017275e-06,2.8949622e-05,1.3035836e-06,1.7539085e-05,8.4520764e-07,1.1367673e-05,5.3161705e-07,7.5807825e-06,3.339248e-07,5.292731e-06,2.2460662e-07,3.5704643e-06,1.5442966e-07,2.280526e-06,1.0457648e-07,1.434151e-06,7.017399e-08,1.0473443e-06,4.7763038e-08,4.3492727e-07,3.2551814e-08,3.5057184e-07,2.3337062e-08,1.8850172e-07,1.3704687e-08,9.102032e-08,7.9726625e-09,7.785528e-08,5.496368e-09,2.1898483e-08,1.8662893e-09,1.0637432e-08,1.11478e-09,6.0041856e-09,7.5954576e-10,2.222886e-09,4.2640397e-10,9.770375e-10,3.0768954e-10,2.9007372e-10,1.6589521e-10,4.1618622e-11,1.07548095e-10,1.6733248e-11,7.863045e-11,5.1823446e-12,5.1332962e-11,3.0817553e-12,3.418554e-11,2.7899016e-12,2.7590673e-11,1.9946286e-12,2.5275924e-11,1.2861843e-12,1.6495581e-11,5.2471216e-13,1.2996321e-11,5.460078e-13,1.040536e-11,2.92567e-13,6.151898e-12,1.10868786e-13,3.888562e-12,8.167532e-14,3.0506893e-12,4.9442116e-14,2.5186543e-12,4.466442e-14,1.977865e-12,3.0434734e-14,1.3451154e-12,3.406436e-14,6.6368807e-13,4.0685883e-14,4.7087133e-13,1.6380835e-14,2.1988078e-13,1.5003684e-14,1.2562455e-13,4.622648e-15,4.5151013e-14,4.673429e-15,2.8367535e-14,2.5189242e-15,1.5469859e-14,6.755429e-16,6.793835e-15,8.330139e-16,4.6696867e-15,2.3505021e-16,2.5766234e-15,9.202171e-17,1.2546686e-15,6.5247186e-17,8.058525e-16,4.1564075000000004e-17,7.405589e-16,6.72244e-18,3.634992e-16,3.816897e-18,2.1106449000000003e-16,1.8385983e-18,1.3857426000000002e-16,1.0854342999999999e-18,7.414319e-17,2.6482264999999997e-19,1.8830118e-17,2.1183608e-19,1.4116939e-17,3.0307083e-20,5.947306e-18,3.348922e-20,3.6359040000000004e-18,1.4066334e-20,2.5461928e-18,1.9369433999999998e-20,1.8685495e-18,1.5312842e-20,1.5183031e-18,9.570403e-21,1.2246723999999998e-18,1.4429932e-20,7.400070000000001e-19,1.4932237e-20,5.7887175e-19,2.6888808000000002e-21,3.6484618e-19,1.872807e-21,2.8214862e-19,2.1996796e-21,2.2643531999999997e-19,5.5083508e-21,1.8470329e-19,3.111491e-21,1.1455196e-19,1.8164335e-21,6.741770999999999e-20,1.3516416e-21,5.5158394e-20,2.252574e-21,5.4375377e-20,2.0545549e-21,3.378331e-20,2.6181601e-21,2.8223457e-20,7.849964e-22,7.593691e-21,8.146464e-22,5.499805e-21,1.2145793000000001e-21,5.886648e-21,1.9970636e-21,4.7826723e-21,5.1417343e-22,3.201834e-21,1.1182828e-21,2.5663648e-21,1.0676633000000001e-21,8.408717000000001e-22,9.39292e-22,6.853315e-22,5.0211125e-22,5.3919044000000005e-22
0.069700405,1.0,0.0666506,0.63912815,0.065993555,0.42769697,0.066695966,0.31196752,0.06427845,0.23190431,0.064952165,0.17280887,0.0611213,0.1342958,0.06452147,0.10727436,0.060955174,0.087485805,0.06261858,0.071929455,0.062716365,0.058069516,0.059557553,0.0475269,0.059365638,0.038865536,0.053888556,0.03270442,0.054549146,0.0277653,0.05412563,0.023862338,0.04953233,0.020092016,0.047806,0.017201165,0.04497795,0.014941954,0.042707924,0.012560933,0.041079495,0.010773458,0.040382765,0.009292113,0.037057992,0.008063234,0.035598658,0.006931807,0.03128523,0.0060299574,0.03178244,0.0051525715,0.028427811,0.004465844,0.02719889,0.0038708504,0.025273923,0.0032962896,0.023745727,0.0028498552,0.02136184,0.0024211258,0.020176753,0.002041517,0.017772397,0.0017376149,0.016489869,0.0015092785,0.014205702,0.001296087,0.013606806,0.0011061466,0.01246598,0.00095232646,0.011112493,0.00080905284,0.009478861,0.00068451016,0.008072981,0.00059096946,0.008142643,0.00048831356,0.0067338212,0.00041203972,0.006180571,0.00035457575,0.0055579916,0.0002982472,0.004845451,0.00025223457,0.003882274,0.00021120903,0.0036381434,0.00017835478,0.003222659,0.00014825563,0.0029276698,0.0001215733,0.0025092259,9.808631e-05,0.0020205844,8.22764e-05,0.0018912914,6.871673e-05,0.0015063,5.8370308e-05,0.0013875015,4.725663e-05,0.0011195574,3.8213366e-05,0.0010642436,3.231583e-05,0.0007900726,2.6240066e-05,0.0007048908,2.1407575e-05,0.0005372907,1.7116256e-05,0.00041942112,1.4160649e-05,0.0003690951,1.18571415e-05,0.00026850024,9.39624e-06,0.00023510668,7.747392e-06,0.0001911548,6.2638096e-06,0.00016900594,5.064101e-06,0.00016721594,4.214232e-06,0.00012893678,3.5798405e-06,9.939251e-05,2.8737097e-06,9.653253e-05,2.389494e-06,7.986219e-05,1.9650952e-06,7.168936e-05,1.6159489e-06,4.9439474e-05,1.2942128e-06,3.286907e-05,1.0236711e-06,3.0279329e-05,8.823133e-07,2.2133645e-05,7.311553e-07,1.8458904e-05,6.263943e-07,1.3796853e-05,5.306354e-07,8.927062e-06,4.236235e-07,7.1774466e-06,3.6522388e-07,6.0386474e-06,3.1427453e-07,5.6510585e-06,2.85657e-07,4.746784e-06,2.5037997e-07,4.1718413e-06,2.2336384e-07,3.8533267e-06,2.1050897e-07,3.7791137e-06,1.9080177e-07,2.5756237e-06,1.6937408e-07,2.685724e-06,1.5233253e-07,2.4036528e-06,1.447754e-07,2.48666e-06,1.3258024e-07,1.7367528e-06,1.2888114e-07,1.9615302e-06,1.1971265e-07,1.6019292e-06,1.13188065e-07,1.8110854e-06,1.0522414e-07,1.5198342e-06,1.0611498e-07,1.5729134e-06,9.8605824e-08,1.5260605e-06,9.68123e-08,1.4435229e-06,9.372495e-08,1.1237468e-06,8.951711e-08,1.4323864e-06,8.502526e-08,1.2397846e-06,7.0334245e-08
0.07553148,1.0,0.06882725,0.4304395,0.06340578,0.2064663,0.058157004,0.106799126,0.05392019,0.05835029,0.049499106,0.034754943,0.04438668,0.020856733,0.0388798,0.013766098,0.034826215,0.00906814,0.031529382,0.006069483,0.025803436,0.004073926,0.021928763,0.0027411985,0.018108733,0.001929044,0.014064651,0.0013564948,0.011594094,0.0009652353,0.008371226,0.00069781026,0.0069241934,0.0005001468,0.0052113626,0.00036088564,0.0042404877,0.0002586517,0.0029026938,0.0001889363,0.0021759868,0.00014218841,0.0016260985,0.00010431763,0.0012869322,8.105918e-05,0.000992521,6.2559564e-05,0.0007479909,5.018874e-05,0.0006007451,4.0650943e-05,0.0004455823,3.2995384e-05,0.0003733492,2.7157888e-05,0.0002546012,2.2462003e-05,0.00022180835,1.9215217e-05,0.00017554527,1.6356524e-05,0.00013207283,1.3908921e-05,0.00011768431,1.1939896e-05,0.000109979606,1.0382881e-05,9.5843054e-05,8.954056e-06,8.039515e-05,7.825151e-06,7.3838215e-05,6.8429854e-06,6.0436683e-05,6.065405e-06,5.7577035e-05,5.2575715e-06,4.7855116e-05,4.6447917e-06,4.529482e-05,3.9417832e-06,4.4808145e-05,3.5228547e-06,4.1706247e-05,3.0853193e-06,3.4616292e-05,2.732189e-06,3.393871e-05,2.469128e-06,2.9534156e-05,2.1387632e-06,2.7703922e-05,1.8735609e-06,2.2658822e-05,1.6508264e-06,2.2312857e-05,1.4701618e-06,1.940552e-05,1.2658454e-06,1.7277944e-05,1.1316339e-06,1.215149e-05,1.0240196e-06,1.1274672e-05,9.21366e-07,1.1167522e-05,8.1510115e-07,1.0285786e-05,7.3571294e-07,8.4831145e-06,6.448523e-07,7.1762765e-06,5.8290453e-07,7.0547585e-06,5.1295166e-07,5.5903697e-06,4.4784068e-07,5.1284e-06,4.0409407e-07,4.8161255e-06,3.5217022e-07,3.7139341e-06,3.0811333e-07,3.8472385e-06,2.7316548e-07,3.048973e-06,2.3317557e-07,3.4144687e-06,2.065177e-07,3.1138918e-06,1.8006732e-07,2.2533422e-06,1.656147e-07,2.5893148e-06,1.4657336e-07,2.3902826e-06,1.3125977e-07,1.5444468e-06,1.1406504e-07,1.7523587e-06,1.0649637e-07,1.8133564e-06,9.482468e-08,1.7738621e-06,8.383857e-08,1.3929757e-06,7.505515e-08,1.4810636e-06,6.6305205e-08,1.1372923e-06,5.600608e-08,9.731565e-07,4.9172826e-08,9.3780085e-07,4.5797318e-08,7.157987e-07,3.8526395e-08,8.0807496e-07,3.5965794e-08,6.757633e-07,3.3747e-08,6.005465e-07,2.9588719e-08,4.853209e-07,2.6153375e-08,4.716568e-07,2.423553e-08,4.2086674e-07,2.2079666e-08,3.977351e-07,1.9340536e-08,3.3431098e-07,1.768627e-08,2.9611166e-07,1.6765636e-08,2.6346942e-07,1.5687858e-08,2.60427e-07,1.4266558e-08,2.1682206e-07,1.3687316e-08,1.5099666e-07,1.1477503e-08,1.4894077e-07,1.1256539e-08,1.4704531e-07,1.071849e-08,1.3514088e-07,1.0268214e-08,1.1251971e-07,9.496636e-09,1.3336711e-07,9.474473e-09,1.2258265e-07,8.151383e-09,1.272121e-07,7.760544e-09,1.3957093e-07,7.480572e-09
0.07955168,1.0,0.0698152,0.37639463,0.061430167,0.1743572,0.054579414,0.08655383,0.048568398,0.047735784,0.04346987,0.028291924,0.038087178,0.017203107,0.03228002,0.011388268,0.028479552,0.007557084,0.024989026,0.005156736,0.020351369,0.0035685333,0.016731957,0.0025046268,0.013751979,0.0018283546,0.010564187,0.0013323601,0.008356119,0.0009899787,0.00596879,0.0007578589,0.0048823073,0.0005736396,0.0036435453,0.0004386239,0.0029746958,0.00034034706,0.0020212173,0.0002669865,0.001547304,0.00021530426,0.0011872685,0.000168951,0.00095467985,0.00013952015,0.000743616,0.00011726323,0.000569152,0.00010177618,0.0004676774,8.939877e-05,0.0003664096,7.874884e-05,0.000305197,7.011044e-05,0.00023269195,6.299484e-05,0.00020872263,5.8173428e-05,0.00018547972,5.3512966e-05,0.00014313411,4.9523653e-05,0.00013904629,4.5817178e-05,0.0001420663,4.2769163e-05,0.00012866105,3.9993953e-05,0.000119809745,3.768745e-05,0.00011893351,3.510752e-05,0.00010269638,3.3233522e-05,0.000100868165,3.0961583e-05,9.683299e-05,2.9331279e-05,9.401088e-05,2.6937249e-05,0.000100053796,2.5564783e-05,0.00010413059,2.370741e-05,8.7255605e-05,2.2219701e-05,9.061608e-05,2.1262487e-05,8.560064e-05,1.9571915e-05,9.065869e-05,1.8574337e-05,7.41977e-05,1.7644272e-05,7.741583e-05,1.6767157e-05,7.18933e-05,1.5610121e-05,7.5358796e-05,1.4820423e-05,5.1534127e-05,1.4389187e-05,5.219116e-05,1.3883397e-05,5.8783276e-05,1.3246261e-05,5.6223504e-05,1.2917631e-05,5.2073538e-05,1.2302279e-05,4.943509e-05,1.2001222e-05,5.1771352e-05,1.1488538e-05,4.758199e-05,1.0805445e-05,4.6447505e-05,1.0565553e-05,4.6594618e-05,9.89654e-06,4.1878662e-05,9.368727e-06,4.4282802e-05,9.028441e-06,3.7638492e-05,8.487776e-06,4.7577134e-05,8.052815e-06,4.2740867e-05,7.690196e-06,4.136103e-05,7.419108e-06,4.6391197e-05,7.0045194e-06,4.403943e-05,6.763856e-06,3.2964028e-05,6.3954153e-06,4.102743e-05,6.2812646e-06,3.914409e-05,6.117122e-06,4.38526e-05,5.956519e-06,4.231378e-05,5.7352886e-06,4.6340658e-05,5.5636333e-06,4.2998217e-05,5.3351073e-06,3.823338e-05,4.981227e-06,3.8071037e-05,4.838601e-06,3.7345457e-05,4.6796276e-06,4.4045097e-05,4.5563092e-06,3.9149985e-05,4.420058e-06,3.7936505e-05,4.202429e-06,3.300536e-05,4.1012377e-06,3.3305194e-05,3.8832372e-06,3.1277046e-05,3.7087987e-06,3.559143e-05,3.5539435e-06,2.8501681e-05,3.4447946e-06,2.9246954e-05,3.3793908e-06,2.8844821e-05,3.311494e-06,3.2798995e-05,3.2221908e-06,2.5184268e-05,3.1980578e-06,2.5446861e-05,3.0020783e-06,2.4094361e-05,2.9428538e-06,2.4493324e-05,2.8359023e-06,2.3332503e-05,2.7710228e-06,2.0512482e-05,2.5676775e-06,1.9499015e-05,2.4566068e-06,2.1523008e-05,2.293829e-06,1.897832e-05,2.2094407e-06,2.2123453e-05,2.1248816e-06
0.07834676,1.0,0.0677647,0.31364995,0.057617404,0.12699674,0.047987025,0.058603734,0.041376237,0.029888732,0.034795396,0.016720148,0.028909864,0.009506731,0.023112291,0.006044637,0.019044824,0.0038482868,0.01580534,0.002497116,0.011826928,0.0016304129,0.009629999,0.0010756918,0.00744104,0.0007565976,0.0053727822,0.0005347928,0.0042154756,0.0003837351,0.0028460838,0.00028050446,0.0022875813,0.00020326934,0.0016964223,0.0001479053,0.0013596895,0.000106852814,0.0009117502,7.935424e-05,0.0006815286,6.074031e-05,0.0005050323,4.463687e-05,0.00041113456,3.4754787e-05,0.00032923053,2.7181597e-05,0.0002570758,2.2245697e-05,0.00020524983,1.8229037e-05,0.00015476544,1.485635e-05,0.00013356678,1.243314e-05,8.750308e-05,1.0406057e-05,7.688092e-05,9.034823e-06,6.324982e-05,7.741779e-06,4.7470494e-05,6.6909806e-06,4.5116478e-05,5.685704e-06,4.376107e-05,4.911803e-06,3.9339397e-05,4.1787457e-06,3.1736443e-05,3.6467543e-06,2.8439534e-05,3.190716e-06,2.29697e-05,2.7850429e-06,2.189144e-05,2.38314e-06,1.7898108e-05,2.0891293e-06,1.7254824e-05,1.7094309e-06,1.856727e-05,1.5120534e-06,1.8691044e-05,1.3135797e-06,1.6540143e-05,1.1591263e-06,1.5244331e-05,1.0471016e-06,1.4232703e-05,8.7204745e-07,1.27254425e-05,7.5124024e-07,1.0133682e-05,6.458851e-07,1.0317252e-05,5.6193767e-07,8.177186e-06,4.737969e-07,7.5552907e-06,4.1415413e-07,4.546712e-06,3.65495e-07,4.2676506e-06,3.2012665e-07,4.186021e-06,2.6911158e-07,4.168791e-06,2.2510089e-07,3.607814e-06,1.8499738e-07,2.8121644e-06,1.5676183e-07,2.7496474e-06,1.2722909e-07,1.972015e-06,9.785806e-08,1.8126992e-06,8.140542e-08,1.6394549e-06,6.698578e-08,1.1005349e-06,5.1911204e-08,1.2295677e-06,4.289486e-08,7.7673803e-07,3.207625e-08,8.163062e-07,2.5353264e-08,6.682103e-07,1.936331e-08,5.688068e-07,1.7249569e-08,6.32755e-07,1.3393783e-08,5.6431463e-07,1.0451821e-08,2.45276e-07,8.038872e-09,2.7336407e-07,6.659148e-09,2.8181356e-07,4.734434e-09,2.5790868e-07,3.8743613e-09,1.3237393e-07,2.7737546e-09,1.3977899e-07,2.0843522e-09,9.08396e-08,1.532067e-09,7.904227e-08,1.2346647e-09,8.508789e-08,1.1017e-09,4.8436696e-08,8.084289e-10,5.4419697e-08,6.2843414e-10,4.1513083e-08,5.3136917e-10,2.8275087e-08,3.8250023e-10,2.1794396e-08,3.1650924e-10,1.8056681e-08,2.7422487e-10,2.0079353e-08,2.2204569e-10,1.4104273e-08,1.6330425e-10,9.048938e-09,1.228308e-10,6.4296564e-09,1.0474561e-10,6.739315e-09,9.554767e-11,5.407595e-09,6.984619e-11,5.1157274e-09,6.2308436e-11,2.1802948e-09,3.4377386e-11,2.1108175e-09,3.064717e-11,1.9101973e-09,2.9798112e-11,2.0354975e-09,2.6912857e-11,1.2592372e-09,2.0858456e-11,1.7558703e-09,1.9498035e-11,1.5641061e-09,1.1350803e-11,1.6978082e-09,1.0043928e-11,1.5655596e-09,8.622152e-12
0.075273596,1.0,0.063363686,0.27123752,0.05279121,0.10095713,0.04300224,0.045064967,0.035767462,0.021737851,0.029372945,0.011803706,0.02410826,0.006573803,0.018904325,0.003957771,0.015582617,0.0024702812,0.012334886,0.0015840379,0.0089581255,0.0009857842,0.006942812,0.0006114618,0.0053569637,0.00040882494,0.0037698115,0.00027400028,0.0029744783,0.00018565399,0.001927362,0.00012992288,0.0014740565,8.677658e-05,0.0011264355,5.887843e-05,0.0008876544,3.8720067e-05,0.00053181197,2.5168232e-05,0.0003774585,1.7348379e-05,0.00026788682,1.1468548e-05,0.00021163822,8.042792e-06,0.00015044888,5.7656316e-06,0.00011043718,4.265864e-06,8.033154e-05,3.0620188e-06,5.3973705e-05,2.2129327e-06,4.3768876e-05,1.5983157e-06,2.6218355e-05,1.1576041e-06,2.228606e-05,8.810101e-07,1.5488216e-05,6.328431e-07,9.831482e-06,4.3871776e-07,8.364581e-06,3.2990198e-07,7.3625874e-06,2.3515013e-07,5.414251e-06,1.617463e-07,3.8589715e-06,1.13122674e-07,2.2667398e-06,7.769819e-08,1.4177725e-06,5.3807238e-08,1.0295788e-06,3.644935e-08,6.956881e-07,2.6386314e-08,6.4716016e-07,1.7309782e-08,4.650633e-07,1.19942305e-08,4.112056e-07,7.849716e-09,2.931373e-07,4.911262e-09,1.9490967e-07,3.2488157e-09,1.2405104e-07,2.0270785e-09,8.8811504e-08,1.2809105e-09,5.4066387e-08,7.516266e-10,3.9137944e-08,4.1391043e-10,1.3667489e-08,2.0839418e-10,8.150497e-09,1.2757943e-10,3.0795155e-09,8.48704e-11,2.396116e-09,5.8590216e-11,9.776936e-10,3.2950555e-11,4.360041e-10,1.4017762e-11,2.0728776e-10,7.984308e-12,5.172541e-11,4.0408666e-12,3.0398524e-11,2.4745178e-12,1.2176682e-11,1.3276806e-12,6.2752555e-12,8.611645e-13,3.1807757e-12,5.327932e-13,8.3562497e-13,2.4446615e-13,8.313232e-13,1.7823513e-13,3.043359e-13,1.154305e-13,1.5768243e-13,6.939976e-14,8.8553785e-14,5.059279e-14,3.6672176e-14,4.345785e-14,8.4878e-15,2.4667493e-14,5.812051e-15,1.7237148e-14,3.2759232e-15,1.2593252e-14,1.7830668e-15,7.546384e-15,1.0084239e-15,3.3088158e-15,6.597656e-16,2.620836e-15,1.423744e-16,1.5309376e-15,1.2387599e-16,1.1374663e-15,7.306168e-17,9.157213e-16,7.96886e-17,7.3173006e-16,5.9207113e-17,5.961122e-16,3.6438894e-17,5.1857353e-16,4.5242326e-17,3.9666638000000005e-16,4.9916575e-17,3.2933882e-16,1.8110198e-17,2.4103217e-16,1.1697685499999999e-17,1.9433047e-16,1.507161e-17,1.7178086000000002e-16,2.4506696e-17,1.4442131000000002e-16,1.3506805599999998e-17,1.0427068e-16,1.0224293e-17,8.035682000000001e-17,7.735002e-18,7.337954e-17,9.756423e-18,7.397933e-17,8.313084e-18,5.7073755e-17,1.0699405000000001e-17,5.3601515e-17,5.1202922e-18,2.61548e-17,4.245422e-18,2.0860460000000002e-17,6.5529516999999996e-18,2.1186944e-17,7.0223846e-18,1.8671754e-17,3.142402e-18,1.5040652e-17,4.8883524999999994e-18,1.2953395e-17,4.4532224e-18,7.128537e-18,4.2156793e-18,6.4227017999999995e-18,3.3362764999999996e-18,5.827471299999999e-18
0.08752997,1.0,0.06580529,0.12407859,0.04679766,0.031745303,0.03022813,0.009727432,0.019542327,0.003681236,0.013340899,0.0015297944,0.008622898,0.00064585236,0.0048360606,0.00032147946,0.003096211,0.00015630649,0.0019305171,7.707346e-05,0.0010161772,4.2903845e-05,0.0006310961,2.448898e-05,0.00039167533,1.5008036e-05,0.00020531773,9.741094e-06,0.0001310248,6.384836e-06,6.646576e-05,4.2631477e-06,4.353206e-05,3.0064075e-06,2.9357387e-05,2.1601988e-06,2.1952756e-05,1.5177354e-06,1.2684756e-05,1.1193229e-06,8.522247e-06,8.475873e-07,5.6236136e-06,6.2551084e-07,5.0564568e-06,4.975032e-07,4.552248e-06,4.144161e-07,3.590203e-06,3.4283514e-07,2.82704e-06,3.2224077e-07,2.2610832e-06,2.6654868e-07,2.1047215e-06,2.4109622e-07,1.260766e-06,2.0119538e-07,1.1965471e-06,1.8651521e-07,1.0230182e-06,1.4164655e-07,5.076447e-07,1.0408238e-07,4.238445e-07,7.574964e-08,3.534572e-07,5.2909616e-08,2.488002e-07,3.888296e-08,1.9532557e-07,3.2424598e-08,2.1152323e-07,2.9624806e-08,1.5052478e-07,2.1636012e-08,1.13270566e-07,1.4282649e-08,1.2348801e-07,1.0983331e-08,4.7802317e-08,8.451221e-09,3.8504794e-08,4.7026645e-09,4.750284e-08,2.6887024e-09,4.389408e-08,1.778704e-09,1.3778417e-08,4.732599e-10,1.3765781e-08,3.3136874e-10,1.9310484e-09,1.4509795e-10,1.4520101e-09,9.4158244e-11,6.886399e-11,1.6204815e-11,2.8842347e-11,1.4482856e-11,2.3454074e-11,1.3387607e-11,9.421892e-12,1.1193512e-11,2.5241367e-12,7.0541546e-12,1.1693722e-12,5.567145e-12,1.2693657e-12,6.4289477e-12,1.5851418e-12,5.354157e-12,4.1002035e-13,4.559328e-12,4.565426e-13,4.302104e-12,1.3920728e-14,1.6071587e-12,1.718997e-14,1.6826727e-12,4.1721086e-14,1.3796718e-12,9.236294e-15,1.0312964e-12,4.14528e-15,8.5003006e-13,1.4382706e-15,9.619636e-13,2.9832287e-15,1.0017999e-12,8.720923600000001e-16,9.093506e-13,1.4218994e-15,1.1991324e-12,7.533035e-16,1.1062338e-12,6.691157e-16,1.0278167e-12,6.4062896e-16,8.0313306e-13,6.499037e-16,7.4182804e-13,4.526893500000001e-16,4.3835904e-13,9.291842e-16,4.5630497e-13,3.2737604000000003e-16,2.784855e-13,4.730265e-16,2.3884318e-13,2.772179e-16,1.8144637e-13,3.4348785000000003e-16,1.6048483e-13,1.342145e-16,1.5445131e-13,2.1478691000000002e-16,1.683208e-13,4.313977e-16,1.2075505e-13,3.223645e-16,1.1592916e-13,7.88561e-17,1.0191293e-13,2.5917241000000004e-16,1.073438e-13,2.8905825000000003e-16,1.0827675e-13,7.713912e-16,1.0067086e-13,5.885585e-16,7.235038e-14,5.638798e-16,5.6297127e-14,3.8202809e-16,4.4920807e-14,4.5557725e-16,4.609004e-14,9.805423e-16,2.9112627e-14,7.005027e-16,2.3958632e-14,3.2798355e-16,8.402558e-15,3.2140305000000005e-16,7.9001e-15,3.676157e-16,8.052658e-15,1.027921e-15,7.8333006e-15,3.5380643000000003e-16,4.9675763e-15,5.961077e-16,4.6419625e-15,1.5211751e-15,1.5448767e-15,8.008236e-16,1.4557075e-15,3.7715698000000005e-16,9.435576e-16
0.07590121,1.0,0.07234439,0.6310956,0.07216391,0.4452874,0.071103014,0.34032074,0.07093812,0.26625025,0.07057551,0.21265125,0.06740909,0.17541702,0.0677866,0.14890715,0.06725996,0.12680282,0.068087906,0.10914989,0.066991106,0.093862146,0.06717281,0.08110589,0.06542343,0.07137808,0.06232441,0.06354026,0.06379657,0.056930248,0.064576425,0.05096179,0.06190285,0.04569199,0.060404405,0.041143004,0.060648903,0.037201427,0.05875741,0.033549935,0.058246106,0.030487064,0.058845278,0.02759361,0.058784604,0.025401572,0.058088437,0.023263087,0.05583734,0.02124483,0.05647507,0.019417642,0.055646144,0.01778139,0.055487644,0.016362714,0.051932935,0.01485334,0.053303596,0.013712378,0.05108639,0.012599095,0.050491717,0.011482363,0.049037803,0.010526827,0.048032038,0.009784781,0.04568357,0.009004876,0.044446457,0.008264365,0.044439107,0.007660388,0.043192193,0.0070471824,0.041825354,0.006441855,0.037624896,0.005939211,0.038382508,0.005434175,0.035510708,0.0050494564,0.0349715,0.004681576,0.033221066,0.0043126913,0.03217053,0.0039751236,0.030168274,0.003650979,0.029788278,0.0033751589,0.02821403,0.0031008022,0.02729641,0.0028433423,0.0259576,0.002579466,0.023437912,0.002394321,0.022403948,0.0021968181,0.020350218,0.0020533204,0.020580249,0.0018926429,0.018404538,0.0017343351,0.016967747,0.0016094025,0.01532783,0.001490077,0.014496036,0.0013629295,0.013490271,0.001273625,0.011816501,0.0011804766,0.010961097,0.0010934246,0.00975616,0.0010117616,0.009638007,0.0009403788,0.008628117,0.0008682047,0.00883829,0.0008052687,0.008706115,0.00074788363,0.007569822,0.00069782324,0.0068860273,0.00064646784,0.0068423483,0.00060759136,0.0059526493,0.0005675507,0.005803242,0.0005349712,0.0054161903,0.00050447177,0.0048673386,0.00046882723,0.0048367353,0.0004485817,0.004243894,0.0004232345,0.0038682222,0.00039870557,0.0033757763,0.00037657615,0.0032877016,0.00035648874,0.003005817,0.00033935969,0.003130742,0.00032413102,0.0028405276,0.00030845657,0.002630828,0.00029471287,0.0025255592,0.0002803558,0.0025343893,0.00026854762,0.0023389861,0.00025609334,0.0020287482,0.0002449819,0.0020804289,0.00023718666,0.0018583075,0.00022971995,0.0019488754,0.00022134144,0.0017501517,0.00021558857,0.0017587158,0.0002066704,0.0015819315,0.00019914686,0.0017005411,0.00019295102,0.0015748776,0.00018829535,0.0016436793,0.00018268282,0.0014771789,0.0001761489,0.0014448039,0.00017315273,0.0013455726,0.00016704891,0.0014526414,0.00016085396,0.0014525454,0.0001513965
0.07389203,1.0,0.06812565,0.5163654,0.06471606,0.31993866,0.06131556,0.21735348,0.05927341,0.15347944,0.057592023,0.11438818,0.054072402,0.086259566,0.050167207,0.06971063,0.049464904,0.056144524,0.04855419,0.045298193,0.0455161,0.03700718,0.043831076,0.030377802,0.040575504,0.025712464,0.037321903,0.021850865,0.037007045,0.01874915,0.033106167,0.016453847,0.032131027,0.014337482,0.029050225,0.01234676,0.02893383,0.01090153,0.025127044,0.009587563,0.023016699,0.008599939,0.021794628,0.0075446805,0.02182253,0.006749102,0.02000743,0.0061159055,0.017593745,0.005558289,0.017475916,0.0050281584,0.015823603,0.004569665,0.014913774,0.0041588633,0.0134154055,0.0037755405,0.01302494,0.0035004367,0.011977203,0.0031884327,0.010953976,0.0029074384,0.010946302,0.0026591013,0.010125105,0.0024600963,0.0098170545,0.002265832,0.0092498,0.0020860299,0.009062125,0.0019289752,0.008236145,0.0017910993,0.008196654,0.0016522077,0.007514499,0.0015363854,0.007200415,0.0014027681,0.0072678407,0.001300839,0.007248953,0.0012075043,0.0064971037,0.0011261763,0.0063017155,0.0010599373,0.0061259246,0.0009741301,0.0061963364,0.00090319844,0.005681189,0.0008469913,0.005579343,0.0007858386,0.005406151,0.00072783226,0.005023628,0.0006797852,0.0041108937,0.00064053794,0.00368531,0.0006056865,0.0042211586,0.00057293987,0.0038439822,0.00053947885,0.0035525865,0.00050724356,0.003165254,0.00048739114,0.0030605667,0.0004558038,0.0028200385,0.00043066236,0.0027074663,0.00040911013,0.0027531858,0.0003860566,0.0023313698,0.0003666472,0.0024802668,0.00034386537,0.0020715925,0.00032015724,0.0023798551,0.00030531926,0.0024773239,0.0002899106,0.002004802,0.00027557873,0.0022150604,0.00026417765,0.002031107,0.00025075226,0.001776531,0.000236931,0.0018297256,0.00022809657,0.0019036841,0.0002165461,0.0017156955,0.00020490019,0.0017177959,0.00019800723,0.0017693402,0.00019073459,0.0016011618,0.00018082539,0.0014714943,0.00017020787,0.0015708348,0.00016338257,0.0014362541,0.00015617628,0.0015660945,0.00014745005,0.0014126947,0.00014248225,0.0013665127,0.00013599082,0.001217051,0.00013114017,0.0012091836,0.00012509346,0.0010624739,0.00011813506,0.0010819946,0.00011159571,0.0010203078,0.00010880411,0.0008616289,0.00010408025,0.0008890467,0.00010032379,0.0008705379,9.806667e-05,0.0008732583,9.4763236e-05,0.0007978266,8.951879e-05,0.00074148644,8.647012e-05,0.0007611242,8.399564e-05,0.0007532735,8.189925e-05,0.00065729895,7.595176e-05,0.00061839476,7.448928e-05,0.00059404154,7.1465955e-05,0.00057293306,6.80456e-05,0.00068711996,6.48805e-05
0.074958615,1.0,0.06464618,0.2846372,0.054940175,0.11826243,0.045125246,0.05864804,0.03789345,0.031094583,0.032963946,0.018858574,0.028015427,0.011514725,0.022883927,0.007594012,0.019566609,0.00505697,0.016707735,0.0034681319,0.012795698,0.002415526,0.010728166,0.0016255745,0.009023886,0.0011743265,0.006642701,0.0008631085,0.0057878033,0.0006343697,0.0040064384,0.0004740897,0.0032427993,0.00034596107,0.0027352402,0.00025831853,0.0024661745,0.00018462376,0.0016271478,0.00013647757,0.0012266501,0.00010388948,0.0009812173,7.4853364e-05,0.0009098484,5.661702e-05,0.00075122726,4.2597432e-05,0.0005858026,3.3592885e-05,0.00047987918,2.5735693e-05,0.00038535046,1.960096e-05,0.00032861967,1.4697294e-05,0.00020062142,1.0974275e-05,0.00016794553,8.723887e-06,0.00012699192,6.660365e-06,8.6841974e-05,4.8529637e-06,7.010002e-05,3.8139954e-06,6.468497e-05,2.895591e-06,5.3636755e-05,2.0996895e-06,4.0060942e-05,1.5025331e-06,3.2030464e-05,1.0982554e-06,1.9088298e-05,7.7605307e-07,1.4711135e-05,5.561303e-07,9.710884e-06,3.8034037e-07,8.515098e-06,2.4549317e-07,8.220519e-06,1.6004007e-07,7.3600113e-06,1.0611113e-07,4.46017e-06,5.882332e-08,2.7834021e-06,3.5921506e-08,1.647684e-06,1.8895072e-08,8.2675916e-07,1.0908401e-08,5.7996846e-07,5.7208474e-09,2.3789453e-07,2.310942e-09,8.88242e-08,1.2662508e-09,3.44731e-08,7.6100026e-10,1.1266311e-08,4.684248e-10,8.5469445e-09,3.0007674e-10,4.6346864e-09,1.7062608e-10,3.4694259e-09,9.331544e-11,2.960355e-09,6.1320324e-11,4.297368e-10,2.6448755e-11,2.5080146e-10,1.4338445e-11,4.6773353e-11,5.073218e-12,4.4157268e-11,3.0148082e-12,1.0116006e-11,1.5232999e-12,3.0056047e-12,8.6853636e-13,2.9023448e-12,4.87018e-13,8.6687146e-13,2.5466998e-13,2.667061e-13,1.1802167e-13,1.5283601e-13,7.213997e-14,8.170119e-14,6.4970476e-14,1.8561706e-14,3.1669098e-14,1.4977838e-14,1.9589145e-14,5.762555e-15,1.3284849e-14,3.3534176e-15,9.4309385e-15,1.0869151e-15,2.965732e-15,4.682974e-16,2.018261e-15,1.6983786e-16,1.0044617e-15,1.1064553000000001e-16,6.639618e-16,4.3364963e-17,4.77124e-16,4.4423146e-17,3.2041147000000004e-16,4.1543624e-17,2.7421932e-16,2.1440859e-17,2.0941557000000002e-16,3.137433e-17,1.3858008e-16,3.7133360000000004e-17,1.1119814e-16,1.1201124e-17,7.1265554e-17,4.6984826999999994e-18,6.038109000000001e-17,5.538933e-18,5.2607496e-17,6.938876499999999e-18,4.5785757e-17,6.1843377e-18,2.960507e-17,4.804641399999999e-18,2.2673378e-17,3.7353694e-18,1.9800906e-17,4.535791e-18,1.862793e-17,2.909408e-18,1.3466265e-17,5.4364436e-18,1.1908988e-17,1.4164994999999998e-18,3.9811066e-18,1.9365832999999997e-18,2.9821202999999997e-18,2.9906758e-18,2.9577172e-18,3.6667695999999995e-18,2.5939867e-18,1.1739881e-18,1.7518011999999998e-18,1.7851807e-18,1.5594042999999998e-18,1.7724779e-18,7.066127299999999e-19,1.0286255e-18,6.038264e-19,6.5766137e-19,5.570587999999999e-19
0.081281275,1.0,0.068333894,0.24441989,0.056739412,0.0993881,0.044453666,0.046266768,0.035078257,0.024382314,0.02870507,0.014116533,0.023889553,0.008430148,0.019716538,0.0055718455,0.017031837,0.003666965,0.014319508,0.0024939897,0.010492665,0.0017422994,0.00911862,0.0011816516,0.0073233917,0.00086734805,0.0052273115,0.00065297703,0.0045262785,0.0004882949,0.003013303,0.00037353023,0.00241652,0.00028885392,0.002039472,0.00022987726,0.0018400615,0.00017226051,0.0012239191,0.00013686149,0.000978585,0.00011188991,0.0007795436,8.424254e-05,0.0007506941,6.650823e-05,0.0006932298,5.403942e-05,0.00054487685,4.5720328e-05,0.00044036127,3.6930523e-05,0.0003709555,3.0029607e-05,0.0003017057,2.332645e-05,0.00015190984,1.848838e-05,0.00015869795,1.5345251e-05,0.000117146774,1.3115758e-05,8.43871e-05,1.0365212e-05,8.206421e-05,8.61455e-06,7.910862e-05,6.2983718e-06,7.836911e-05,4.5693155e-06,5.461906e-05,3.1828963e-06,3.970593e-05,1.9348047e-06,1.9611056e-05,1.1377404e-06,1.6910444e-05,7.5532853e-07,7.740635e-06,4.4191248e-07,6.7963215e-06,2.3687309e-07,5.2714786e-06,1.05849566e-07,4.613307e-06,5.2321635e-08,2.0226341e-06,1.9813955e-08,6.950534e-07,8.3747755e-09,2.9872e-07,2.9248057e-09,7.0668136e-08,1.0243248e-09,2.9114268e-08,3.6955225e-10,4.316593e-09,6.870997e-11,9.727736e-10,3.0784025e-11,2.8595645e-10,1.6302749e-11,4.659198e-11,9.464236e-12,1.7367035e-11,5.517124e-12,6.610253e-12,2.3478142e-12,4.8498354e-12,1.0322056e-12,4.463849e-12,5.283486e-13,4.616652e-13,1.5308897e-13,1.4013924e-13,5.795659e-14,2.794019e-15,6.3865035e-15,1.2823269e-15,2.7460887e-15,1.9754668e-16,9.266215e-16,3.846674e-17,3.6006142e-16,2.0104823e-17,2.0333833000000002e-16,2.9399664e-18,9.260451e-17,5.6826469999999995e-19,2.8539746e-17,2.5076919999999997e-19,1.7267099000000002e-17,2.175872e-19,2.0337857e-17,1.2047602e-20,9.390395e-18,9.237428e-21,5.1116466e-18,5.1352483000000004e-21,3.3513151999999997e-18,4.1096053e-21,2.2036891999999997e-18,1.9635601e-22,5.2385757e-19,1.5710443e-22,4.5740146e-19,2.9261630000000004e-23,1.4863197e-19,3.7173212e-23,1.1002957e-19,1.5055245e-23,7.159078e-20,1.5305402e-23,5.4133232999999996e-20,6.621632e-24,4.9371664e-20,6.1996719999999995e-24,4.0432094e-20,1.8900227e-23,2.837784e-20,1.9173856e-23,2.6208295e-20,3.0327957000000003e-24,1.8651934e-20,1.1963631000000001e-24,1.5578746e-20,3.3759665e-24,1.5236278999999998e-20,4.742297e-24,1.5944779999999998e-20,7.872958e-24,1.0092179e-20,5.9656703e-24,7.286308500000001e-21,6.637084e-24,6.851097e-21,9.535950000000001e-24,5.8988544000000004e-21,1.1656046e-23,4.248429e-21,1.0407757e-23,3.525136e-21,2.7078372e-24,9.272588e-22,5.3452466e-24,7.476756500000001e-22,5.8579213000000005e-24,5.653815000000001e-22,1.2301849e-23,4.1449810000000004e-22,2.2105192e-24,2.6833052e-22,5.6984358e-24,1.9491047000000002e-22,8.972458e-24,7.015619000000001e-23,3.353351e-24,4.9295748e-23,1.36072925e-24,4.2821702e-23
0.07906903,1.0,0.06863323,0.3310317,0.059534416,0.1607051,0.05123116,0.08511105,0.04525169,0.049940366,0.03868362,0.031680517,0.03420679,0.020489695,0.029601755,0.01451161,0.027296448,0.010309133,0.024529459,0.0073907743,0.019655481,0.0053962762,0.017906876,0.0039290814,0.015243252,0.0030571106,0.012165236,0.0024005065,0.011067624,0.0018904085,0.008166797,0.0015271694,0.007072459,0.0012264941,0.005859205,0.0010033567,0.005351217,0.00080847373,0.0039616926,0.00067053066,0.003311651,0.00056481414,0.0027600466,0.00045195725,0.0026189873,0.00037350156,0.0023481236,0.0003168825,0.0019700234,0.00027965292,0.0017073471,0.00023619142,0.0014325441,0.00020039927,0.0012576489,0.00017057813,0.00082943303,0.00014340515,0.0007989012,0.00012446096,0.00064065756,0.00010879364,0.0004922403,9.198547e-05,0.00050730765,7.698406e-05,0.000534379,6.3719184e-05,0.00049268274,5.1129304e-05,0.00037135746,4.06985e-05,0.00032171368,2.9187077e-05,0.00020463039,2.0358892e-05,0.00019347218,1.5381147e-05,0.00012217354,1.1646217e-05,0.00010033374,8.331741e-06,0.00010910791,6.045072e-06,9.036842e-05,4.1997205e-06,6.462159e-05,2.7381727e-06,4.0302653e-05,1.8175862e-06,2.8054734e-05,1.1665919e-06,1.6615444e-05,7.0386307e-07,9.382353e-06,4.3001685e-07,4.3790283e-06,2.3561883e-07,2.7084254e-06,1.714427e-07,2.1362805e-06,1.3833048e-07,6.985914e-07,1.0814601e-07,4.1048463e-07,8.371138e-08,3.351582e-07,6.121536e-08,3.669374e-07,4.204523e-08,3.2389187e-07,2.9096615e-08,1.4093052e-07,1.7850093e-08,1.10748424e-07,1.1623833e-08,2.4141551e-08,4.5881845e-09,1.7434635e-08,3.051619e-09,9.2848955e-09,1.8189618e-09,4.161771e-09,9.868608e-10,2.9989264e-09,6.9423206e-10,1.2218035e-09,4.2414325e-10,6.9387723e-10,2.2965942e-10,4.9947607e-10,1.5004459e-10,3.9872017e-10,1.3880457e-10,1.4791601e-10,8.677292e-11,1.4151147e-10,5.2589398e-11,7.386112e-11,3.7464636e-11,5.816299e-11,2.5403712e-11,2.6104494e-11,1.32851985e-11,1.7277036e-11,1.0864986e-11,5.5416873e-12,5.249737e-12,5.8593204e-12,4.089552e-12,4.2356158e-12,3.02057e-12,3.5827008e-12,2.4743857e-12,2.917831e-12,2.2492483e-12,1.853869e-12,1.6044113e-12,3.3749184e-12,1.2250148e-12,3.1408537e-12,1.0975162e-12,1.4647559e-12,7.142001e-13,7.1916355e-13,6.161418e-13,1.1247974e-12,5.703426e-13,9.639914e-13,5.1046255e-13,9.814251e-13,3.437538e-13,6.840848e-13,2.663401e-13,5.59165e-13,2.3897805e-13,6.7896453e-13,2.0656832e-13,5.3262153e-13,1.5280424e-13,5.716091e-13,1.3498489e-13,1.7445434e-13,5.886096e-14,2.1549551e-13,4.6496115e-14,1.5417551e-13,3.509912e-14,2.3563456e-13,2.5388464e-14,7.149821e-14,1.7579467e-14,1.127671e-13,1.2653928e-14,1.4521705e-13,6.4551093e-15,7.459082e-14,4.3436858e-15,7.0941124e-14,3.8165102e-15
0.07327642,1.0,0.0678704,0.52746546,0.06581451,0.32692084,0.06288679,0.22153558,0.06115541,0.15498216,0.059496038,0.114415914,0.055892937,0.08497041,0.052186333,0.06780795,0.051041797,0.054006964,0.05015905,0.04315959,0.046652332,0.034834173,0.04483751,0.028139176,0.04143967,0.023475345,0.037937164,0.01971876,0.037381243,0.016663367,0.033317577,0.014387562,0.031882353,0.012362039,0.028746886,0.010542945,0.028326476,0.009164875,0.024473961,0.007958654,0.022169685,0.007031977,0.020784935,0.0061113653,0.02040295,0.005418724,0.018574264,0.0048440415,0.016262487,0.004365983,0.015955588,0.0038994928,0.014387453,0.0035052453,0.013440965,0.0031399645,0.011891215,0.0028131718,0.011494537,0.0025684235,0.010468538,0.0023169331,0.009558442,0.0020802745,0.009339654,0.0018830048,0.008495961,0.0017209223,0.008054201,0.0015575872,0.0075371014,0.0014153206,0.0071843644,0.0012941462,0.0065021594,0.0011910963,0.006358887,0.0010802463,0.005800227,0.0009903564,0.005447626,0.00089375634,0.005358084,0.0008177462,0.0052491296,0.00075087295,0.004686415,0.00069235923,0.004496977,0.00064472196,0.0042039743,0.00058630167,0.004186717,0.0005350426,0.0038853034,0.0004951287,0.003772665,0.00045485544,0.0035896061,0.00041490383,0.0032394226,0.0003842831,0.0026546787,0.00035790977,0.0023514112,0.0003348013,0.0026445012,0.0003124305,0.002331759,0.00029045588,0.0021148287,0.0002695285,0.0018429655,0.00025624866,0.0017741488,0.0002383962,0.0015978866,0.00022409073,0.0015155611,0.00021120139,0.0015225825,0.0001984845,0.0012577118,0.00018705969,0.0013553036,0.00017493154,0.0011123948,0.00016221432,0.001283545,0.00015388722,0.0013414831,0.00014496851,0.0010276419,0.00013728498,0.0011301263,0.00013127267,0.0010384831,0.00012425178,0.0008942061,0.000116357776,0.00091519294,0.000111880836,0.00095938676,0.000106020656,0.0008580442,9.9812605e-05,0.0008237455,9.5836105e-05,0.0008085924,9.190954e-05,0.0007416235,8.752169e-05,0.0006975493,8.234319e-05,0.0007389801,7.897618e-05,0.00067766133,7.572669e-05,0.00072920305,7.1562994e-05,0.0006923873,6.901145e-05,0.00064691994,6.563704e-05,0.0005682097,6.36995e-05,0.000554929,6.061792e-05,0.000490217,5.71865e-05,0.00048421908,5.420442e-05,0.00047765143,5.254148e-05,0.00038700417,5.037906e-05,0.00039724662,4.861235e-05,0.00037365506,4.7676738e-05,0.00038973577,4.6165987e-05,0.00034846654,4.357825e-05,0.00033662978,4.2226347e-05,0.000355849,4.10569e-05,0.00035325144,4.0162424e-05,0.000301986,3.7246544e-05,0.00029795818,3.6784866e-05,0.00027753305,3.5366706e-05,0.00026885682,3.349244e-05,0.00031959152,3.225844e-05
0.083629854,1.0,0.070478395,0.31765178,0.056659587,0.15468398,0.04632591,0.08143263,0.037411787,0.050141707,0.03324075,0.03178546,0.02888297,0.020970805,0.024413316,0.015743101,0.023809243,0.011634266,0.020833204,0.008512232,0.017862502,0.00654948,0.01709686,0.0051604775,0.014301414,0.0042595635,0.01141589,0.0035337412,0.010087029,0.002937474,0.008120391,0.0025279976,0.0072280467,0.0021564788,0.006930009,0.0018554333,0.006376793,0.0016524068,0.0047695762,0.0014461054,0.0044423738,0.0012737657,0.0042113005,0.0010695884,0.0039300765,0.00095084816,0.0041817175,0.0008949375,0.003383267,0.0007899537,0.0032247843,0.0007046248,0.002971613,0.0006128054,0.0027285367,0.0005387489,0.0020888627,0.00046428738,0.0020024793,0.00041189478,0.0019402216,0.00038415857,0.0016750521,0.00034109433,0.0017005006,0.00027503673,0.0018132828,0.00021491335,0.0017150505,0.00018902622,0.0013766007,0.00014815005,0.0010425578,0.00010996964,0.0008240976,9.0305104e-05,0.0007669145,6.707382e-05,0.0006518982,5.3718963e-05,0.00063834735,3.7990776e-05,0.00039091418,2.3083054e-05,0.00039481025,1.4956199e-05,0.00031553645,1.1402722e-05,0.00016847964,7.4738955e-06,0.00015345904,4.9352425e-06,6.6814064e-05,3.0192507e-06,6.320834e-05,2.1230503e-06,3.395011e-05,9.442515e-07,2.0110487e-05,5.92944e-07,1.888271e-05,4.1829182e-07,9.435328e-06,3.259469e-07,5.1924653e-06,2.5962575e-07,3.4023894e-06,1.2934844e-07,1.4987977e-06,8.525635e-08,1.8550049e-06,4.3288388e-08,7.315515e-07,2.7446585e-08,5.1207087e-07,1.6700529e-08,4.9232135e-08,4.656564e-09,1.7445744e-08,2.326594e-09,1.626206e-08,1.3559956e-09,4.8776645e-09,6.249557e-10,2.5523847e-09,4.9374743e-10,9.482314e-10,3.4589911e-10,6.2527294e-10,1.942125e-10,3.3067551e-10,1.5393481e-10,5.559235e-10,1.5846961e-10,2.337535e-10,1.1394779e-10,1.5823824e-10,8.3774196e-11,1.0995183e-10,6.2014165e-11,1.04579116e-10,4.6791376e-11,5.739137e-11,2.8483714e-11,7.26521e-11,2.932489e-11,2.468005e-11,1.6645392e-11,2.6195669e-11,1.3326896e-11,1.5491644e-11,9.644774e-12,1.0293259e-11,7.448526e-12,3.2707587e-12,4.867313e-12,3.0795048e-12,4.52844e-12,5.7784567e-12,3.3650712e-12,3.0314898e-12,3.175375e-12,1.9974155e-12,2.9778155e-12,2.3406244e-12,2.6196406e-12,2.306711e-12,2.3548015e-12,3.317681e-12,2.0870224e-12,3.4577213e-12,1.5984094e-12,1.4270094e-12,1.1825315e-12,1.1071901e-12,9.897112e-13,1.5629734e-12,8.99964e-13,2.208236e-12,6.685542e-13,1.2099858e-12,5.991166e-13,6.924668e-13,2.8094766e-13,4.7892273e-13,2.5343676e-13,2.6749116e-13,1.9135371e-13,4.844166e-13,1.606358e-13,2.5853394e-13,1.2580655e-13,2.7362466e-13,1.0363636e-13,4.1313608e-13,6.158349e-14,2.2968053e-13,4.0994033e-14,1.5045619e-13,3.249328e-14
0.09149905,1.0,0.08619322,0.7364443,0.09138597,0.615117,0.08698448,0.5220878,0.086047605,0.46259424,0.08574841,0.41556552,0.08203924,0.38220397,0.08766512,0.35052463,0.08287003,0.3257656,0.08345279,0.30364865,0.08446792,0.285354,0.08599707,0.26791096,0.08048196,0.25050062,0.082977295,0.23663427,0.082480736,0.22571506,0.08616358,0.21495922,0.08560479,0.20373738,0.08208841,0.19385047,0.08095163,0.18653835,0.08311916,0.1783464,0.08549416,0.16987517,0.08618685,0.16259538,0.084655024,0.15514162,0.08681161,0.14964479,0.080897555,0.14335364,0.082595825,0.13837364,0.08658507,0.1330255,0.08660445,0.12908773,0.08775841,0.12482129,0.08417051,0.12062927,0.08510959,0.11676702,0.08709209,0.11239179,0.08817195,0.10869857,0.08367852,0.10531893,0.08735894,0.10170108,0.086734444,0.09825166,0.089072384,0.09500231,0.088120244,0.09190611,0.084762484,0.08857414,0.090073295,0.08608841,0.09066669,0.08344048,0.0904044,0.080768906,0.08889055,0.0785203,0.0920873,0.07629889,0.0899432,0.07379986,0.0877162,0.071662605,0.08709318,0.06940618,0.08815075,0.06768106,0.08840539,0.065591834,0.08554872,0.06335601,0.08830741,0.06143479,0.09219379,0.060003098,0.085232645,0.05852929,0.08696104,0.056915328,0.08843416,0.055327572,0.090520136,0.05391737,0.08602049,0.05264236,0.083651945,0.050691146,0.084469184,0.049130935,0.08391223,0.048044283,0.08588495,0.046755977,0.087659284,0.04559964,0.08678796,0.044545796,0.08728727,0.043508332,0.08340865,0.042473394,0.08865742,0.04120177,0.087018535,0.04009778,0.08601468,0.03898832,0.08818529,0.038126428,0.08987714,0.037144143,0.08583802,0.036086116,0.0909247,0.035208125,0.08670537,0.034285184,0.09096239,0.03326562,0.08881315,0.03234025,0.09024283,0.03162874,0.091032766,0.030631807,0.08709226,0.029818887,0.087182134,0.02904044,0.0889262,0.0282143,0.08792273,0.02749019,0.08662135,0.02684358,0.085471734,0.026154228,0.089291066,0.025608517,0.08627552,0.024913551,0.08414455,0.024226665,0.08539183,0.023561023,0.088037096,0.02296126,0.08517177,0.022294292,0.08310875,0.02170643,0.08302217,0.021169951,0.08393397,0.02067778,0.08343025,0.020150121,0.08084433,0.019709527,0.08052772,0.019078897,0.07883206,0.018537834,0.080313,0.018220246,0.07951643,0.017716356,0.07619176,0.01709013,0.0802675,0.016531494
0.089925595,1.0,0.07415767,0.14188364,0.051812332,0.045509856,0.032944776,0.016725779,0.021095656,0.0074049593,0.016584402,0.0035729306,0.012589548,0.0019441833,0.009274469,0.0011096885,0.0071519627,0.0006267193,0.0052244905,0.00036329575,0.0033496944,0.00022995289,0.00249088,0.00014087153,0.0016271098,9.299017e-05,0.0009836189,6.4679974e-05,0.0007795473,4.4680903e-05,0.00044763644,3.125391e-05,0.00033962607,2.2350487e-05,0.00027594157,1.7699482e-05,0.00021204562,1.2866336e-05,0.00013109254,8.912533e-06,0.00010047228,6.9240114e-06,6.720046e-05,4.8167867e-06,6.468109e-05,3.6708757e-06,5.877073e-05,2.7383082e-06,3.804273e-05,2.162598e-06,2.6529526e-05,1.5220666e-06,1.8909073e-05,9.837295e-07,1.10593965e-05,6.289995e-07,3.0854665e-06,4.0331486e-07,3.5735472e-06,3.2044187e-07,1.1971636e-06,1.520514e-07,4.0224197e-07,7.301632e-08,3.405245e-07,3.888822e-08,1.2258079e-07,8.99084e-09,3.8375312e-08,3.0564482e-09,1.3192421e-08,1.5637571e-09,1.9431117e-09,3.029909e-10,1.4764429e-10,1.089793e-10,6.623268e-11,4.3693462e-11,1.3266814e-11,1.914452e-11,7.8037255e-12,6.7474333e-12,3.210263e-12,1.1275597e-12,1.1246901e-12,2.7874057e-13,8.572783e-14,2.7123272e-14,7.538041e-15,4.0177585e-15,1.7746658e-15,6.271199e-16,7.345908000000001e-17,9.988633400000001e-17,2.6285528e-17,2.1338214000000002e-17,1.9971493e-19,8.084220999999999e-19,3.0757822999999997e-20,3.6638877e-19,5.9799423e-21,1.4607332e-19,1.4820768000000002e-22,4.9758326e-20,1.1875018e-23,2.1167604e-20,2.2293953000000002e-24,6.3182466e-21,1.1667785e-24,1.9524096e-21,6.414868000000001e-25,5.371375e-22,5.919939e-26,8.242362000000001e-23,5.1579674e-27,1.4473185e-23,3.8064343e-30,1.8900783e-25,4.2459444e-31,5.1617884e-26,3.4145506000000002e-31,1.057769e-26,9.879415000000001e-33,1.53501595e-27,2.6322038999999998e-33,9.207071e-28,5.10975e-35,3.0640123e-28,1.8080903e-35,5.855069e-29,2.7877504e-36,3.7460935e-29,7.95636e-36,7.904023000000001e-29,1.2510605e-37,2.982957e-29,9.399939999999999e-38,1.3593146e-29,4.811139700000001e-38,6.409886e-30,8.282327500000001e-38,3.881835e-30,0.0,4.5167853000000005e-31,0.0,4.489404e-31,0.0,7.432641e-32,0.0,4.75699e-32,0.0,1.7948232e-32,0.0,1.4118178e-32,0.0,9.984209000000001e-33,0.0,7.90835e-33,0.0,4.969805e-33,0.0,5.875418e-33,0.0,4.7644876e-33,0.0,3.4266564e-33,0.0,4.1489125e-33,0.0,5.718465e-33,0.0,3.5527350000000004e-33,0.0,2.3387564e-33,0.0,2.5838343e-33,0.0,1.8132171e-33,0.0,1.259808e-33,0.0,1.04333435e-33,0.0,1.8296764999999999e-34,0.0,1.7996341e-34,0.0,1.2262705e-34,0.0,8.686608e-35,0.0,5.364541e-35,0.0,3.6192668e-35,0.0,8.4634295e-36,0.0,6.0708694e-36,0.0,4.1072546999999996e-36
0.07509285,1.0,0.06542044,0.32947227,0.05791383,0.15100561,0.049545486,0.08038225,0.043766774,0.04549192,0.039027765,0.02894916,0.03397404,0.018445544,0.029227756,0.012728632,0.026544679,0.008827695,0.023514446,0.0062546143,0.018699236,0.0045298724,0.016866596,0.0031652448,0.014562029,0.002358947,0.011233937,0.0017983203,0.0102144,0.0013735952,0.00734005,0.001068907,0.006338847,0.0008086656,0.00539305,0.0006286456,0.004894483,0.00047436298,0.0033554204,0.00037099016,0.0026426655,0.000296952,0.0021934698,0.00022570087,0.002027371,0.00017930489,0.0017366251,0.00014167778,0.0013783507,0.00011699116,0.001149709,9.313829e-05,0.0009614524,7.456803e-05,0.0008114321,5.823315e-05,0.00051640836,4.60054e-05,0.00045093693,3.7993927e-05,0.00035137846,3.1076328e-05,0.0002617652,2.4607365e-05,0.00023375529,2.1056445e-05,0.00022082879,1.7026032e-05,0.00019682887,1.3239958e-05,0.00015459405,1.0140759e-05,0.00012753023,7.764715e-06,8.421178e-05,5.841233e-06,6.999648e-05,4.5297893e-06,4.8680173e-05,3.2317923e-06,4.5992372e-05,2.21115e-06,4.5290413e-05,1.518833e-06,4.4071654e-05,1.0883751e-06,2.5263433e-05,6.1325795e-07,1.695634e-05,4.2157814e-07,1.031022e-05,2.2652242e-07,6.024601e-06,1.4099572e-07,4.1589587e-06,7.803175e-08,2.0317611e-06,3.4759058e-08,8.0146003e-07,1.9718156e-08,2.9679924e-07,1.208065e-08,9.743529e-08,7.967388e-09,8.4170885e-08,5.494575e-09,5.1577413e-08,3.3834573e-09,3.9639872e-08,1.8848125e-09,3.5792656e-08,1.3395233e-09,5.536466e-09,5.917413e-10,3.074175e-09,3.3439412e-10,6.785539e-10,1.253691e-10,6.344451e-10,7.99838e-11,1.212785e-10,4.1105903e-11,4.7564962e-11,2.6863161e-11,4.965606e-11,1.6199963e-11,1.7465295e-11,9.121688e-12,5.052707e-12,4.4222057e-12,3.2746286e-12,2.9929735e-12,1.8005814e-12,2.9094446e-12,3.6837013e-13,1.5914825e-12,2.768094e-13,1.0661623e-12,1.2973647e-13,8.2789895e-13,8.485992e-14,6.456926e-13,2.4406955e-14,2.3569165e-13,1.4009935e-14,1.8487974e-13,6.602367e-15,1.02945444e-13,5.276391e-15,7.9630225e-14,2.6056536e-15,6.540815e-14,2.7684291e-15,4.6770246e-14,3.5731822e-15,4.5753525e-14,2.5981798e-15,3.7959954e-14,4.299718e-15,2.8067489e-14,5.364596e-15,2.3505584e-14,1.7638337e-15,1.6638351e-14,7.620117e-16,1.4348437e-14,9.36122e-16,1.2816355e-14,1.0028498e-15,1.17369036e-14,1.1826334e-15,8.046334e-15,1.1406383e-15,6.579061e-15,9.336078e-16,5.8655287e-15,1.1108753e-15,5.590397e-15,7.725544500000001e-16,4.282906e-15,1.2579706e-15,3.8298692e-15,4.362964e-16,1.4304191e-15,6.607831600000001e-16,1.12385e-15,9.90093e-16,1.1004407e-15,1.3347882e-15,9.629902e-16,4.126283e-16,6.740216e-16,6.857964700000001e-16,6.0982973e-16,6.940604400000001e-16,3.1124369000000003e-16,3.973403e-16,2.6154016000000003e-16,2.7348076e-16,2.5712805e-16
